GraphID,riskBasedDefence,defenceInDepth,behavioralDefender,minCut,SAG-ERC
DER,50.011810349191954,46.47385714810098,50.170880467808075,47.819046466447865,89.59779722189347
e_commerce,50.356861725418966,46.47385714810105,50.56153253255737,46.39484046998426,79.10613111998804
graph2,13.765768489032181,13.606992889889968,13.648015422512593,27.75022647480888,41.53725278028638
graph1,20.931639385804093,20.854470182566796,21.032570776932584,43.20147491618782,71.40081199568468
VOiP,45.49969722483405,43.528187799224035,44.42981313394962,69.2432940424628,84.31659796260477
SCADA,60.99836842112121,63.212055882855765,61.02937616697083,80.96040590020742,86.49434088712148
